year,stock,capture,effort
1950,Arca zebra,1000,320859403.6
1950,Callinectes sapidus,700,320859403.6
1950,Centropomus spp,200,320859403.6
1950,Centropomus undecimalis,1000,320859403.6
1950,Crassostrea virginica,10000,320859403.6
1950,Cynoscion nebulosus,500,320859403.6
1950,Lobatus gigas,100,320859403.6
1950,Lobatus gigas2,500,320859403.6
1950,Lutjanus synagris,250,320859403.6
1950,Lutjanus synagris2,100,320859403.6
1950,Menticirrhus littoralis,400,320859403.6
1950,Micropogonias furnieri,750,320859403.6
1950,Mugil cephalus,4000,320859403.6
1950,Mugil liza,1000,320859403.6
1950,Ocyurus chrysurus,200,320859403.6
1950,Ocyurus chrysurus2,100,320859403.6
1950,Ocyurus chrysurus3,100,320859403.6
1950,Opisthonema oglinum,100,320859403.6
1950,Opisthonema oglinum2,200,320859403.6
1950,Pogonias cromis,100,320859403.6
1950,Scomberomorus brasiliensis,300,320859403.6
1950,Scomberomorus cavalla,100,320859403.6
1950,Scomberomorus cavalla2,700,320859403.6
1950,Scomberomorus cavalla3,4000,320859403.6
1951,Arca zebra,1000,302913040.3
1951,Callinectes sapidus,700,302913040.3
1951,Centropomus spp,200,302913040.3
1951,Centropomus undecimalis,1000,302913040.3
1951,Crassostrea virginica,10000,302913040.3
1951,Cynoscion nebulosus,500,302913040.3
1951,Lobatus gigas,100,302913040.3
1951,Lobatus gigas2,500,302913040.3
1951,Lutjanus synagris,250,302913040.3
1951,Lutjanus synagris2,100,302913040.3
1951,Menticirrhus littoralis,400,302913040.3
1951,Micropogonias furnieri,750,302913040.3
1951,Mugil cephalus,4000,302913040.3
1951,Mugil liza,1000,302913040.3
1951,Ocyurus chrysurus,200,302913040.3
1951,Ocyurus chrysurus2,100,302913040.3
1951,Ocyurus chrysurus3,100,302913040.3
1951,Opisthonema oglinum,100,302913040.3
1951,Opisthonema oglinum2,200,302913040.3
1951,Pogonias cromis,100,302913040.3
1951,Scomberomorus brasiliensis,300,302913040.3
1951,Scomberomorus cavalla,100,302913040.3
1951,Scomberomorus cavalla2,700,302913040.3
1951,Scomberomorus cavalla3,4000,302913040.3
1952,Arca zebra,500,233831681.9
1952,Callinectes sapidus,700,233831681.9
1952,Centropomus spp,200,233831681.9
1952,Centropomus undecimalis,1000,233831681.9
1952,Crassostrea virginica,10000,233831681.9
1952,Cynoscion nebulosus,500,233831681.9
1952,Lobatus gigas,100,233831681.9
1952,Lobatus gigas2,500,233831681.9
1952,Lutjanus synagris,250,233831681.9
1952,Lutjanus synagris2,100,233831681.9
1952,Menticirrhus littoralis,400,233831681.9
1952,Micropogonias furnieri,750,233831681.9
1952,Mugil cephalus,4000,233831681.9
1952,Mugil liza,1000,233831681.9
1952,Ocyurus chrysurus,200,233831681.9
1952,Ocyurus chrysurus2,100,233831681.9
1952,Ocyurus chrysurus3,100,233831681.9
1952,Opisthonema oglinum,100,233831681.9
1952,Opisthonema oglinum2,200,233831681.9
1952,Pogonias cromis,100,233831681.9
1952,Scomberomorus brasiliensis,300,233831681.9
1952,Scomberomorus cavalla,100,233831681.9
1952,Scomberomorus cavalla2,700,233831681.9
1952,Scomberomorus cavalla3,3000,233831681.9
1953,Arca zebra,600,315117673.3
1953,Callinectes sapidus,700,315117673.3
1953,Centropomus spp,300,315117673.3
1953,Centropomus undecimalis,800,315117673.3
1953,Crassostrea virginica,10000,315117673.3
1953,Cynoscion nebulosus,500,315117673.3
1953,Lobatus gigas,100,315117673.3
1953,Lobatus gigas2,500,315117673.3
1953,Lutjanus synagris,250,315117673.3
1953,Lutjanus synagris2,100,315117673.3
1953,Menticirrhus littoralis,400,315117673.3
1953,Micropogonias furnieri,750,315117673.3
1953,Mugil cephalus,3800,315117673.3
1953,Mugil liza,900,315117673.3
1953,Ocyurus chrysurus,200,315117673.3
1953,Ocyurus chrysurus2,100,315117673.3
1953,Ocyurus chrysurus3,100,315117673.3
1953,Opisthonema oglinum,100,315117673.3
1953,Opisthonema oglinum2,200,315117673.3
1953,Pogonias cromis,100,315117673.3
1953,Scomberomorus brasiliensis,300,315117673.3
1953,Scomberomorus cavalla,100,315117673.3
1953,Scomberomorus cavalla2,700,315117673.3
1953,Scomberomorus cavalla3,2900,315117673.3
1954,Arca zebra,600,349642573.2
1954,Callinectes sapidus,700,349642573.2
1954,Centropomus spp,300,349642573.2
1954,Centropomus undecimalis,700,349642573.2
1954,Crassostrea virginica,9100,349642573.2
1954,Cynoscion nebulosus,500,349642573.2
1954,Lobatus gigas,100,349642573.2
1954,Lobatus gigas2,500,349642573.2
1954,Lutjanus synagris,250,349642573.2
1954,Lutjanus synagris2,100,349642573.2
1954,Menticirrhus littoralis,400,349642573.2
1954,Micropogonias furnieri,750,349642573.2
1954,Mugil cephalus,2300,349642573.2
1954,Mugil liza,800,349642573.2
1954,Ocyurus chrysurus,200,349642573.2
1954,Ocyurus chrysurus2,100,349642573.2
1954,Ocyurus chrysurus3,100,349642573.2
1954,Opisthonema oglinum,200,349642573.2
1954,Opisthonema oglinum2,200,349642573.2
1954,Pogonias cromis,100,349642573.2
1954,Scomberomorus brasiliensis,400,349642573.2
1954,Scomberomorus cavalla,100,349642573.2
1954,Scomberomorus cavalla2,700,349642573.2
1954,Scomberomorus cavalla3,3200,349642573.2
1955,Arca zebra,300,466607713.3
1955,Callinectes sapidus,700,466607713.3
1955,Centropomus spp,300,466607713.3
1955,Centropomus undecimalis,1100,466607713.3
1955,Crassostrea virginica,10600,466607713.3
1955,Cynoscion nebulosus,500,466607713.3
1955,Lobatus gigas,100,466607713.3
1955,Lobatus gigas2,500,466607713.3
1955,Lutjanus synagris,250,466607713.3
1955,Lutjanus synagris2,100,466607713.3
1955,Menticirrhus littoralis,400,466607713.3
1955,Micropogonias furnieri,750,466607713.3
1955,Mugil cephalus,2700,466607713.3
1955,Mugil liza,500,466607713.3
1955,Ocyurus chrysurus,200,466607713.3
1955,Ocyurus chrysurus2,100,466607713.3
1955,Ocyurus chrysurus3,100,466607713.3
1955,Opisthonema oglinum,200,466607713.3
1955,Opisthonema oglinum2,200,466607713.3
1955,Pogonias cromis,100,466607713.3
1955,Scomberomorus brasiliensis,500,466607713.3
1955,Scomberomorus cavalla,100,466607713.3
1955,Scomberomorus cavalla2,700,466607713.3
1955,Scomberomorus cavalla3,3900,466607713.3
1956,Arca zebra,300,388051099
1956,Callinectes sapidus,700,388051099
1956,Centropomus spp,400,388051099
1956,Centropomus undecimalis,600,388051099
1956,Crassostrea virginica,10600,388051099
1956,Cynoscion nebulosus,500,388051099
1956,Lobatus gigas,100,388051099
1956,Lobatus gigas2,500,388051099
1956,Lutjanus synagris,250,388051099
1956,Lutjanus synagris2,100,388051099
1956,Menticirrhus littoralis,400,388051099
1956,Micropogonias furnieri,750,388051099
1956,Mugil cephalus,3200,388051099
1956,Mugil liza,1300,388051099
1956,Ocyurus chrysurus,200,388051099
1956,Ocyurus chrysurus2,100,388051099
1956,Ocyurus chrysurus3,100,388051099
1956,Opisthonema oglinum,300,388051099
1956,Opisthonema oglinum2,200,388051099
1956,Pogonias cromis,100,388051099
1956,Scomberomorus brasiliensis,500,388051099
1956,Scomberomorus cavalla,100,388051099
1956,Scomberomorus cavalla2,700,388051099
1956,Scomberomorus cavalla3,2900,388051099
1957,Arca zebra,1300,390261557
1957,Callinectes sapidus,700,390261557
1957,Centropomus spp,600,390261557
1957,Centropomus undecimalis,700,390261557
1957,Crassostrea virginica,12000,390261557
1957,Cynoscion nebulosus,500,390261557
1957,Lobatus gigas,100,390261557
1957,Lobatus gigas2,500,390261557
1957,Lutjanus synagris,250,390261557
1957,Lutjanus synagris2,100,390261557
1957,Menticirrhus littoralis,400,390261557
1957,Micropogonias furnieri,750,390261557
1957,Mugil cephalus,2700,390261557
1957,Mugil liza,2100,390261557
1957,Ocyurus chrysurus,200,390261557
1957,Ocyurus chrysurus2,100,390261557
1957,Ocyurus chrysurus3,100,390261557
1957,Opisthonema oglinum,300,390261557
1957,Opisthonema oglinum2,400,390261557
1957,Pogonias cromis,100,390261557
1957,Scomberomorus brasiliensis,500,390261557
1957,Scomberomorus cavalla,100,390261557
1957,Scomberomorus cavalla2,700,390261557
1957,Scomberomorus cavalla3,2700,390261557
1958,Arca zebra,2000,344359116.2
1958,Callinectes sapidus,700,344359116.2
1958,Centropomus spp,800,344359116.2
1958,Centropomus undecimalis,600,344359116.2
1958,Crassostrea virginica,13100,344359116.2
1958,Cynoscion nebulosus,1000,344359116.2
1958,Lobatus gigas,100,344359116.2
1958,Lobatus gigas2,500,344359116.2
1958,Lutjanus synagris,250,344359116.2
1958,Lutjanus synagris2,100,344359116.2
1958,Menticirrhus littoralis,400,344359116.2
1958,Micropogonias furnieri,750,344359116.2
1958,Mugil cephalus,2800,344359116.2
1958,Mugil liza,1500,344359116.2
1958,Ocyurus chrysurus,200,344359116.2
1958,Ocyurus chrysurus2,100,344359116.2
1958,Ocyurus chrysurus3,100,344359116.2
1958,Opisthonema oglinum,300,344359116.2
1958,Opisthonema oglinum2,400,344359116.2
1958,Pogonias cromis,100,344359116.2
1958,Scomberomorus brasiliensis,500,344359116.2
1958,Scomberomorus cavalla,100,344359116.2
1958,Scomberomorus cavalla2,700,344359116.2
1958,Scomberomorus cavalla3,3000,344359116.2
1959,Arca zebra,2800,345392336.9
1959,Callinectes sapidus,700,345392336.9
1959,Centropomus spp,3000,345392336.9
1959,Centropomus undecimalis,600,345392336.9
1959,Crassostrea virginica,17200,345392336.9
1959,Cynoscion nebulosus,1000,345392336.9
1959,Lobatus gigas,100,345392336.9
1959,Lobatus gigas2,500,345392336.9
1959,Lutjanus synagris,250,345392336.9
1959,Lutjanus synagris2,100,345392336.9
1959,Menticirrhus littoralis,400,345392336.9
1959,Micropogonias furnieri,750,345392336.9
1959,Mugil cephalus,2500,345392336.9
1959,Mugil liza,900,345392336.9
1959,Ocyurus chrysurus,200,345392336.9
1959,Ocyurus chrysurus2,100,345392336.9
1959,Ocyurus chrysurus3,100,345392336.9
1959,Opisthonema oglinum,400,345392336.9
1959,Opisthonema oglinum2,400,345392336.9
1959,Pogonias cromis,100,345392336.9
1959,Scomberomorus brasiliensis,500,345392336.9
1959,Scomberomorus cavalla,100,345392336.9
1959,Scomberomorus cavalla2,700,345392336.9
1959,Scomberomorus cavalla3,3200,345392336.9
1960,Arca zebra,3300,353118583.9
1960,Callinectes sapidus,700,353118583.9
1960,Centropomus spp,5000,353118583.9
1960,Centropomus undecimalis,800,353118583.9
1960,Crassostrea virginica,20000,353118583.9
1960,Cynoscion nebulosus,500,353118583.9
1960,Lobatus gigas,100,353118583.9
1960,Lobatus gigas2,500,353118583.9
1960,Lutjanus synagris,250,353118583.9
1960,Lutjanus synagris2,100,353118583.9
1960,Menticirrhus littoralis,400,353118583.9
1960,Micropogonias furnieri,750,353118583.9
1960,Mugil cephalus,2500,353118583.9
1960,Mugil liza,900,353118583.9
1960,Ocyurus chrysurus,200,353118583.9
1960,Ocyurus chrysurus2,200,353118583.9
1960,Ocyurus chrysurus3,100,353118583.9
1960,Opisthonema oglinum,400,353118583.9
1960,Opisthonema oglinum2,400,353118583.9
1960,Pogonias cromis,100,353118583.9
1960,Scomberomorus brasiliensis,600,353118583.9
1960,Scomberomorus cavalla,100,353118583.9
1960,Scomberomorus cavalla2,700,353118583.9
1960,Scomberomorus cavalla3,4100,353118583.9
1961,Arca zebra,2200,573582781.1
1961,Callinectes sapidus,700,573582781.1
1961,Centropomus spp,5500,573582781.1
1961,Centropomus undecimalis,800,573582781.1
1961,Crassostrea virginica,19200,573582781.1
1961,Cynoscion nebulosus,500,573582781.1
1961,Lobatus gigas,100,573582781.1
1961,Lobatus gigas2,750,573582781.1
1961,Lutjanus synagris,250,573582781.1
1961,Lutjanus synagris2,100,573582781.1
1961,Menticirrhus littoralis,400,573582781.1
1961,Micropogonias furnieri,800,573582781.1
1961,Mugil cephalus,2700,573582781.1
1961,Mugil liza,1000,573582781.1
1961,Ocyurus chrysurus,200,573582781.1
1961,Ocyurus chrysurus2,200,573582781.1
1961,Ocyurus chrysurus3,100,573582781.1
1961,Opisthonema oglinum,300,573582781.1
1961,Opisthonema oglinum2,400,573582781.1
1961,Pogonias cromis,100,573582781.1
1961,Scomberomorus brasiliensis,600,573582781.1
1961,Scomberomorus cavalla,100,573582781.1
1961,Scomberomorus cavalla2,700,573582781.1
1961,Scomberomorus cavalla3,3700,573582781.1
1962,Arca zebra,2300,291340567
1962,Callinectes sapidus,700,291340567
1962,Centropomus spp,4600,291340567
1962,Centropomus undecimalis,1000,291340567
1962,Crassostrea virginica,18300,291340567
1962,Cynoscion nebulosus,900,291340567
1962,Lobatus gigas,100,291340567
1962,Lobatus gigas2,750,291340567
1962,Lutjanus synagris,250,291340567
1962,Lutjanus synagris2,100,291340567
1962,Menticirrhus littoralis,500,291340567
1962,Micropogonias furnieri,700,291340567
1962,Mugil cephalus,2500,291340567
1962,Mugil liza,1400,291340567
1962,Ocyurus chrysurus,200,291340567
1962,Ocyurus chrysurus2,200,291340567
1962,Ocyurus chrysurus3,100,291340567
1962,Opisthonema oglinum,400,291340567
1962,Opisthonema oglinum2,400,291340567
1962,Pogonias cromis,100,291340567
1962,Scomberomorus brasiliensis,600,291340567
1962,Scomberomorus cavalla,100,291340567
1962,Scomberomorus cavalla2,700,291340567
1962,Scomberomorus cavalla3,3500,291340567
1963,Arca zebra,900,295235150.9
1963,Callinectes sapidus,700,295235150.9
1963,Centropomus spp,4700,295235150.9
1963,Centropomus undecimalis,1300,295235150.9
1963,Crassostrea virginica,19800,295235150.9
1963,Cynoscion nebulosus,1300,295235150.9
1963,Lobatus gigas,100,295235150.9
1963,Lobatus gigas2,750,295235150.9
1963,Lutjanus synagris,250,295235150.9
1963,Lutjanus synagris2,100,295235150.9
1963,Menticirrhus littoralis,500,295235150.9
1963,Micropogonias furnieri,900,295235150.9
1963,Mugil cephalus,3100,295235150.9
1963,Mugil liza,1200,295235150.9
1963,Ocyurus chrysurus,200,295235150.9
1963,Ocyurus chrysurus2,200,295235150.9
1963,Ocyurus chrysurus3,100,295235150.9
1963,Opisthonema oglinum,600,295235150.9
1963,Opisthonema oglinum2,400,295235150.9
1963,Pogonias cromis,100,295235150.9
1963,Scomberomorus brasiliensis,600,295235150.9
1963,Scomberomorus cavalla,100,295235150.9
1963,Scomberomorus cavalla2,700,295235150.9
1963,Scomberomorus cavalla3,3500,295235150.9
1964,Arca zebra,2300,305776732.2
1964,Callinectes sapidus,1100,305776732.2
1964,Centropomus spp,5400,305776732.2
1964,Centropomus undecimalis,1200,305776732.2
1964,Crassostrea virginica,22300,305776732.2
1964,Cynoscion nebulosus,200,305776732.2
1964,Lobatus gigas,100,305776732.2
1964,Lobatus gigas2,1500,305776732.2
1964,Lutjanus synagris,250,305776732.2
1964,Lutjanus synagris2,100,305776732.2
1964,Menticirrhus littoralis,300,305776732.2
1964,Micropogonias furnieri,1000,305776732.2
1964,Mugil cephalus,3000,305776732.2
1964,Mugil liza,400,305776732.2
1964,Ocyurus chrysurus,200,305776732.2
1964,Ocyurus chrysurus2,200,305776732.2
1964,Ocyurus chrysurus3,100,305776732.2
1964,Opisthonema oglinum,100,305776732.2
1964,Opisthonema oglinum2,600,305776732.2
1964,Pogonias cromis,100,305776732.2
1964,Scomberomorus brasiliensis,600,305776732.2
1964,Scomberomorus cavalla,100,305776732.2
1964,Scomberomorus cavalla2,900,305776732.2
1964,Scomberomorus cavalla3,3900,305776732.2
1965,Arca zebra,4000,383797535.4
1965,Callinectes sapidus,1100,383797535.4
1965,Centropomus spp,5900,383797535.4
1965,Centropomus undecimalis,3000,383797535.4
1965,Crassostrea virginica,26900,383797535.4
1965,Cynoscion nebulosus,100,383797535.4
1965,Lobatus gigas,100,383797535.4
1965,Lobatus gigas2,2250,383797535.4
1965,Lutjanus synagris,250,383797535.4
1965,Lutjanus synagris2,100,383797535.4
1965,Menticirrhus littoralis,300,383797535.4
1965,Micropogonias furnieri,1000,383797535.4
1965,Mugil cephalus,2900,383797535.4
1965,Mugil liza,500,383797535.4
1965,Ocyurus chrysurus,200,383797535.4
1965,Ocyurus chrysurus2,200,383797535.4
1965,Ocyurus chrysurus3,100,383797535.4
1965,Opisthonema oglinum,200,383797535.4
1965,Opisthonema oglinum2,800,383797535.4
1965,Pogonias cromis,200,383797535.4
1965,Scomberomorus brasiliensis,800,383797535.4
1965,Scomberomorus cavalla,100,383797535.4
1965,Scomberomorus cavalla2,1000,383797535.4
1965,Scomberomorus cavalla3,3200,383797535.4
1966,Arca zebra,4300,426242769.9
1966,Callinectes sapidus,1100,426242769.9
1966,Centropomus spp,6500,426242769.9
1966,Centropomus undecimalis,1900,426242769.9
1966,Crassostrea virginica,24100,426242769.9
1966,Cynoscion nebulosus,200,426242769.9
1966,Lobatus gigas,100,426242769.9
1966,Lobatus gigas2,1875,426242769.9
1966,Lutjanus synagris,250,426242769.9
1966,Lutjanus synagris2,100,426242769.9
1966,Menticirrhus littoralis,200,426242769.9
1966,Micropogonias furnieri,1000,426242769.9
1966,Mugil cephalus,3500,426242769.9
1966,Mugil liza,500,426242769.9
1966,Ocyurus chrysurus,200,426242769.9
1966,Ocyurus chrysurus2,200,426242769.9
1966,Ocyurus chrysurus3,100,426242769.9
1966,Opisthonema oglinum,200,426242769.9
1966,Opisthonema oglinum2,3600,426242769.9
1966,Pogonias cromis,100,426242769.9
1966,Scomberomorus brasiliensis,800,426242769.9
1966,Scomberomorus cavalla,100,426242769.9
1966,Scomberomorus cavalla2,900,426242769.9
1966,Scomberomorus cavalla3,3500,426242769.9
1967,Arca zebra,2300,432290427
1967,Callinectes sapidus,1700,432290427
1967,Centropomus spp,3700,432290427
1967,Centropomus undecimalis,1400,432290427
1967,Crassostrea virginica,27800,432290427
1967,Cynoscion nebulosus,200,432290427
1967,Lobatus gigas,100,432290427
1967,Lobatus gigas2,1500,432290427
1967,Lutjanus synagris,250,432290427
1967,Lutjanus synagris2,100,432290427
1967,Menticirrhus littoralis,100,432290427
1967,Micropogonias furnieri,1000,432290427
1967,Mugil cephalus,2900,432290427
1967,Mugil liza,500,432290427
1967,Ocyurus chrysurus,200,432290427
1967,Ocyurus chrysurus2,200,432290427
1967,Ocyurus chrysurus3,100,432290427
1967,Opisthonema oglinum,300,432290427
1967,Opisthonema oglinum2,5100,432290427
1967,Pogonias cromis,100,432290427
1967,Scomberomorus brasiliensis,800,432290427
1967,Scomberomorus cavalla,200,432290427
1967,Scomberomorus cavalla2,1000,432290427
1967,Scomberomorus cavalla3,3000,432290427
1968,Arca zebra,3900,461858301
1968,Callinectes sapidus,2000,461858301
1968,Centropomus spp,3000,461858301
1968,Centropomus undecimalis,1600,461858301
1968,Crassostrea virginica,34700,461858301
1968,Cynoscion nebulosus,200,461858301
1968,Lobatus gigas,100,461858301
1968,Lobatus gigas2,1500,461858301
1968,Lutjanus synagris,250,461858301
1968,Lutjanus synagris2,100,461858301
1968,Menticirrhus littoralis,100,461858301
1968,Micropogonias furnieri,1000,461858301
1968,Mugil cephalus,3300,461858301
1968,Mugil liza,600,461858301
1968,Ocyurus chrysurus,200,461858301
1968,Ocyurus chrysurus2,200,461858301
1968,Ocyurus chrysurus3,100,461858301
1968,Opisthonema oglinum,600,461858301
1968,Opisthonema oglinum2,6500,461858301
1968,Pogonias cromis,100,461858301
1968,Scomberomorus brasiliensis,800,461858301
1968,Scomberomorus cavalla,200,461858301
1968,Scomberomorus cavalla2,700,461858301
1968,Scomberomorus cavalla3,1800,461858301
1969,Arca zebra,4500,391473427
1969,Callinectes sapidus,3000,391473427
1969,Centropomus spp,700,391473427
1969,Centropomus undecimalis,1600,391473427
1969,Crassostrea virginica,41100,391473427
1969,Cynoscion nebulosus,300,391473427
1969,Lobatus gigas,100,391473427
1969,Lobatus gigas2,750,391473427
1969,Lutjanus synagris,250,391473427
1969,Lutjanus synagris2,100,391473427
1969,Menticirrhus littoralis,200,391473427
1969,Micropogonias furnieri,1000,391473427
1969,Mugil cephalus,2900,391473427
1969,Mugil liza,600,391473427
1969,Ocyurus chrysurus,200,391473427
1969,Ocyurus chrysurus2,200,391473427
1969,Ocyurus chrysurus3,100,391473427
1969,Opisthonema oglinum,300,391473427
1969,Opisthonema oglinum2,5000,391473427
1969,Pogonias cromis,600,391473427
1969,Scomberomorus brasiliensis,800,391473427
1969,Scomberomorus cavalla,200,391473427
1969,Scomberomorus cavalla2,1100,391473427
1969,Scomberomorus cavalla3,1500,391473427
1970,Arca zebra,5400,365629781.9
1970,Callinectes sapidus,800,365629781.9
1970,Centropomus spp,700,365629781.9
1970,Centropomus undecimalis,1300,365629781.9
1970,Crassostrea virginica,37000,365629781.9
1970,Cynoscion nebulosus,200,365629781.9
1970,Lobatus gigas,100,365629781.9
1970,Lobatus gigas2,750,365629781.9
1970,Lutjanus synagris,250,365629781.9
1970,Lutjanus synagris2,100,365629781.9
1970,Menticirrhus littoralis,200,365629781.9
1970,Micropogonias furnieri,1200,365629781.9
1970,Mugil cephalus,2800,365629781.9
1970,Mugil liza,700,365629781.9
1970,Ocyurus chrysurus,200,365629781.9
1970,Ocyurus chrysurus2,300,365629781.9
1970,Ocyurus chrysurus3,100,365629781.9
1970,Opisthonema oglinum,400,365629781.9
1970,Opisthonema oglinum2,6600,365629781.9
1970,Pogonias cromis,1100,365629781.9
1970,Scomberomorus brasiliensis,2300,365629781.9
1970,Scomberomorus cavalla,200,365629781.9
1970,Scomberomorus cavalla2,907,365629781.9
1970,Scomberomorus cavalla3,1000,365629781.9
1971,Arca zebra,4100,378535040.8
1971,Callinectes sapidus,700,378535040.8
1971,Centropomus spp,1400,378535040.8
1971,Centropomus undecimalis,1400,378535040.8
1971,Crassostrea virginica,32200,378535040.8
1971,Cynoscion nebulosus,200,378535040.8
1971,Lobatus gigas,100,378535040.8
1971,Lobatus gigas2,750,378535040.8
1971,Lutjanus synagris,400,378535040.8
1971,Lutjanus synagris2,100,378535040.8
1971,Menticirrhus littoralis,300,378535040.8
1971,Micropogonias furnieri,1300,378535040.8
1971,Mugil cephalus,2700,378535040.8
1971,Mugil liza,800,378535040.8
1971,Ocyurus chrysurus,200,378535040.8
1971,Ocyurus chrysurus2,400,378535040.8
1971,Ocyurus chrysurus3,200,378535040.8
1971,Opisthonema oglinum,300,378535040.8
1971,Opisthonema oglinum2,9100,378535040.8
1971,Pogonias cromis,1200,378535040.8
1971,Scomberomorus brasiliensis,3200,378535040.8
1971,Scomberomorus cavalla,200,378535040.8
1971,Scomberomorus cavalla2,1300,378535040.8
1971,Scomberomorus cavalla3,1600,378535040.8
1972,Arca zebra,6200,341939284
1972,Callinectes sapidus,1100,341939284
1972,Centropomus spp,2600,341939284
1972,Centropomus undecimalis,1300,341939284
1972,Crassostrea virginica,30700,341939284
1972,Cynoscion nebulosus,600,341939284
1972,Lobatus gigas,100,341939284
1972,Lobatus gigas2,750,341939284
1972,Lutjanus synagris,100,341939284
1972,Lutjanus synagris2,100,341939284
1972,Menticirrhus littoralis,400,341939284
1972,Micropogonias furnieri,1500,341939284
1972,Mugil cephalus,3200,341939284
1972,Mugil liza,900,341939284
1972,Ocyurus chrysurus,200,341939284
1972,Ocyurus chrysurus2,300,341939284
1972,Ocyurus chrysurus3,200,341939284
1972,Opisthonema oglinum,300,341939284
1972,Opisthonema oglinum2,8800,341939284
1972,Pogonias cromis,1500,341939284
1972,Scomberomorus brasiliensis,3000,341939284
1972,Scomberomorus cavalla,200,341939284
1972,Scomberomorus cavalla2,1520,341939284
1972,Scomberomorus cavalla3,1100,341939284
1973,Arca zebra,9100,281476821.1
1973,Callinectes sapidus,2400,281476821.1
1973,Centropomus spp,2000,281476821.1
1973,Centropomus undecimalis,1300,281476821.1
1973,Crassostrea virginica,30100,281476821.1
1973,Cynoscion nebulosus,800,281476821.1
1973,Lobatus gigas,100,281476821.1
1973,Lobatus gigas2,750,281476821.1
1973,Lutjanus synagris,400,281476821.1
1973,Lutjanus synagris2,200,281476821.1
1973,Menticirrhus littoralis,400,281476821.1
1973,Micropogonias furnieri,1800,281476821.1
1973,Mugil cephalus,3800,281476821.1
1973,Mugil liza,800,281476821.1
1973,Ocyurus chrysurus,200,281476821.1
1973,Ocyurus chrysurus2,500,281476821.1
1973,Ocyurus chrysurus3,100,281476821.1
1973,Opisthonema oglinum,400,281476821.1
1973,Opisthonema oglinum2,8800,281476821.1
1973,Pogonias cromis,2000,281476821.1
1973,Scomberomorus brasiliensis,3300,281476821.1
1973,Scomberomorus cavalla,300,281476821.1
1973,Scomberomorus cavalla2,2189,281476821.1
1973,Scomberomorus cavalla3,1500,281476821.1
1974,Arca zebra,12178,369543229.9
1974,Callinectes sapidus,3818,369543229.9
1974,Centropomus spp,1642,369543229.9
1974,Centropomus undecimalis,979,369543229.9
1974,Crassostrea virginica,32671,369543229.9
1974,Cynoscion nebulosus,707,369543229.9
1974,Lobatus gigas,156,369543229.9
1974,Lobatus gigas2,330,369543229.9
1974,Lutjanus synagris,223,369543229.9
1974,Lutjanus synagris2,215,369543229.9
1974,Menticirrhus littoralis,438,369543229.9
1974,Micropogonias furnieri,2085,369543229.9
1974,Mugil cephalus,3349,369543229.9
1974,Mugil liza,534,369543229.9
1974,Ocyurus chrysurus,285,369543229.9
1974,Ocyurus chrysurus2,446,369543229.9
1974,Ocyurus chrysurus3,130,369543229.9
1974,Opisthonema oglinum,600,369543229.9
1974,Opisthonema oglinum2,5148,369543229.9
1974,Pogonias cromis,1498,369543229.9
1974,Scomberomorus brasiliensis,3225,369543229.9
1974,Scomberomorus cavalla,324,369543229.9
1974,Scomberomorus cavalla2,1531,369543229.9
1974,Scomberomorus cavalla3,2204,369543229.9
1975,Arca zebra,8751,411150516.7
1975,Callinectes sapidus,4645,411150516.7
1975,Centropomus spp,1184,411150516.7
1975,Centropomus undecimalis,1279,411150516.7
1975,Crassostrea virginica,31174,411150516.7
1975,Cynoscion nebulosus,665,411150516.7
1975,Lobatus gigas,253,411150516.7
1975,Lobatus gigas2,405,411150516.7
1975,Lutjanus synagris,247,411150516.7
1975,Lutjanus synagris2,403,411150516.7
1975,Menticirrhus littoralis,476,411150516.7
1975,Micropogonias furnieri,2232,411150516.7
1975,Mugil cephalus,3504,411150516.7
1975,Mugil liza,1034,411150516.7
1975,Ocyurus chrysurus,246,411150516.7
1975,Ocyurus chrysurus2,822,411150516.7
1975,Ocyurus chrysurus3,110,411150516.7
1975,Opisthonema oglinum,500,411150516.7
1975,Opisthonema oglinum2,1900,411150516.7
1975,Pogonias cromis,1777,411150516.7
1975,Scomberomorus brasiliensis,4066,411150516.7
1975,Scomberomorus cavalla,292,411150516.7
1975,Scomberomorus cavalla2,1354,411150516.7
1975,Scomberomorus cavalla3,2388,411150516.7
1976,Arca zebra,11101,445401586
1976,Callinectes sapidus,3045,445401586
1976,Centropomus spp,819,445401586
1976,Centropomus undecimalis,982,445401586
1976,Crassostrea virginica,28018,445401586
1976,Cynoscion nebulosus,1279,445401586
1976,Lobatus gigas,167,445401586
1976,Lobatus gigas2,195,445401586
1976,Lutjanus synagris,121,445401586
1976,Lutjanus synagris2,161,445401586
1976,Menticirrhus littoralis,522,445401586
1976,Micropogonias furnieri,2382,445401586
1976,Mugil cephalus,3475,445401586
1976,Mugil liza,1053,445401586
1976,Ocyurus chrysurus,200,445401586
1976,Ocyurus chrysurus2,655,445401586
1976,Ocyurus chrysurus3,124,445401586
1976,Opisthonema oglinum,1000,445401586
1976,Opisthonema oglinum2,3917,445401586
1976,Pogonias cromis,900,445401586
1976,Scomberomorus brasiliensis,3533,445401586
1976,Scomberomorus cavalla,253,445401586
1976,Scomberomorus cavalla2,1497,445401586
1976,Scomberomorus cavalla3,1731,445401586
1977,Arca zebra,16287,385832165.8
1977,Callinectes sapidus,4455,385832165.8
1977,Centropomus spp,1094,385832165.8
1977,Centropomus undecimalis,796,385832165.8
1977,Crassostrea virginica,25087,385832165.8
1977,Cynoscion nebulosus,1278,385832165.8
1977,Lobatus gigas,133,385832165.8
1977,Lobatus gigas2,135,385832165.8
1977,Lutjanus synagris,197,385832165.8
1977,Lutjanus synagris2,138,385832165.8
1977,Menticirrhus littoralis,593,385832165.8
1977,Micropogonias furnieri,2480,385832165.8
1977,Mugil cephalus,3297,385832165.8
1977,Mugil liza,1567,385832165.8
1977,Ocyurus chrysurus,200,385832165.8
1977,Ocyurus chrysurus2,630,385832165.8
1977,Ocyurus chrysurus3,132,385832165.8
1977,Opisthonema oglinum,2100,385832165.8
1977,Opisthonema oglinum2,1683,385832165.8
1977,Pogonias cromis,990,385832165.8
1977,Scomberomorus brasiliensis,3686,385832165.8
1977,Scomberomorus cavalla,174,385832165.8
1977,Scomberomorus cavalla2,1331,385832165.8
1977,Scomberomorus cavalla3,1624,385832165.8
1978,Arca zebra,44522,428612035.3
1978,Callinectes sapidus,5615,428612035.3
1978,Centropomus spp,844,428612035.3
1978,Centropomus undecimalis,746,428612035.3
1978,Crassostrea virginica,33591,428612035.3
1978,Cynoscion nebulosus,1210,428612035.3
1978,Lobatus gigas,292,428612035.3
1978,Lobatus gigas2,495,428612035.3
1978,Lutjanus synagris,530,428612035.3
1978,Lutjanus synagris2,418,428612035.3
1978,Menticirrhus littoralis,186,428612035.3
1978,Micropogonias furnieri,3147,428612035.3
1978,Mugil cephalus,3474,428612035.3
1978,Mugil liza,1426,428612035.3
1978,Ocyurus chrysurus,182,428612035.3
1978,Ocyurus chrysurus2,723,428612035.3
1978,Ocyurus chrysurus3,172,428612035.3
1978,Opisthonema oglinum,2400,428612035.3
1978,Opisthonema oglinum2,993,428612035.3
1978,Pogonias cromis,752,428612035.3
1978,Scomberomorus brasiliensis,3895,428612035.3
1978,Scomberomorus cavalla,317,428612035.3
1978,Scomberomorus cavalla2,1535,428612035.3
1978,Scomberomorus cavalla3,1328,428612035.3
1979,Arca zebra,14367,432942584.6
1979,Callinectes sapidus,6054,432942584.6
1979,Centropomus spp,554,432942584.6
1979,Centropomus undecimalis,427,432942584.6
1979,Crassostrea virginica,36059,432942584.6
1979,Cynoscion nebulosus,1432,432942584.6
1979,Lobatus gigas,412,432942584.6
1979,Lobatus gigas2,1793,432942584.6
1979,Lutjanus synagris,99,432942584.6
1979,Lutjanus synagris2,297,432942584.6
1979,Menticirrhus littoralis,263,432942584.6
1979,Micropogonias furnieri,1381,432942584.6
1979,Mugil cephalus,3519,432942584.6
1979,Mugil liza,974,432942584.6
1979,Ocyurus chrysurus,285,432942584.6
1979,Ocyurus chrysurus2,519,432942584.6
1979,Ocyurus chrysurus3,301,432942584.6
1979,Opisthonema oglinum,2600,432942584.6
1979,Opisthonema oglinum2,268,432942584.6
1979,Pogonias cromis,947,432942584.6
1979,Scomberomorus brasiliensis,3739,432942584.6
1979,Scomberomorus cavalla,415,432942584.6
1979,Scomberomorus cavalla2,2249,432942584.6
1979,Scomberomorus cavalla3,1988,432942584.6
1980,Arca zebra,9015,455846725.3
1980,Callinectes sapidus,5814,455846725.3
1980,Centropomus spp,440,455846725.3
1980,Centropomus undecimalis,1204,455846725.3
1980,Crassostrea virginica,41307,455846725.3
1980,Cynoscion nebulosus,1621,455846725.3
1980,Lobatus gigas,706,455846725.3
1980,Lobatus gigas2,255,455846725.3
1980,Lutjanus synagris,315,455846725.3
1980,Lutjanus synagris2,252,455846725.3
1980,Menticirrhus littoralis,178,455846725.3
1980,Micropogonias furnieri,3317,455846725.3
1980,Mugil cephalus,2979,455846725.3
1980,Mugil liza,1934,455846725.3
1980,Ocyurus chrysurus,321,455846725.3
1980,Ocyurus chrysurus2,1261,455846725.3
1980,Ocyurus chrysurus3,820,455846725.3
1980,Opisthonema oglinum,1745,455846725.3
1980,Opisthonema oglinum2,1723,455846725.3
1980,Pogonias cromis,519,455846725.3
1980,Scomberomorus brasiliensis,4128,455846725.3
1980,Scomberomorus cavalla,479,455846725.3
1980,Scomberomorus cavalla2,1946,455846725.3
1980,Scomberomorus cavalla3,1361,455846725.3
1981,Arca zebra,18634,504046732.4
1981,Callinectes sapidus,8201,504046732.4
1981,Centropomus spp,1541,504046732.4
1981,Centropomus undecimalis,1235,504046732.4
1981,Crassostrea virginica,37706,504046732.4
1981,Cynoscion nebulosus,1500,504046732.4
1981,Lobatus gigas,1291,504046732.4
1981,Lobatus gigas2,128,504046732.4
1981,Lutjanus synagris,536,504046732.4
1981,Lutjanus synagris2,406,504046732.4
1981,Menticirrhus littoralis,397,504046732.4
1981,Micropogonias furnieri,4450,504046732.4
1981,Mugil cephalus,2577,504046732.4
1981,Mugil liza,2363,504046732.4
1981,Ocyurus chrysurus,320,504046732.4
1981,Ocyurus chrysurus2,2224,504046732.4
1981,Ocyurus chrysurus3,200,504046732.4
1981,Opisthonema oglinum,1737,504046732.4
1981,Opisthonema oglinum2,869,504046732.4
1981,Pogonias cromis,504,504046732.4
1981,Scomberomorus brasiliensis,3314,504046732.4
1981,Scomberomorus cavalla,503,504046732.4
1981,Scomberomorus cavalla2,2740,504046732.4
1981,Scomberomorus cavalla3,1566,504046732.4
1982,Arca zebra,12806,529671129.4
1982,Callinectes sapidus,10464,529671129.4
1982,Centropomus spp,612,529671129.4
1982,Centropomus undecimalis,1302,529671129.4
1982,Crassostrea virginica,30397,529671129.4
1982,Cynoscion nebulosus,1428,529671129.4
1982,Lobatus gigas,1169,529671129.4
1982,Lobatus gigas2,98,529671129.4
1982,Lutjanus synagris,3,529671129.4
1982,Lutjanus synagris2,352,529671129.4
1982,Menticirrhus littoralis,276,529671129.4
1982,Micropogonias furnieri,3566,529671129.4
1982,Mugil cephalus,3312,529671129.4
1982,Mugil liza,3783,529671129.4
1982,Ocyurus chrysurus,202,529671129.4
1982,Ocyurus chrysurus2,1803,529671129.4
1982,Ocyurus chrysurus3,211,529671129.4
1982,Opisthonema oglinum,1930,529671129.4
1982,Opisthonema oglinum2,1527,529671129.4
1982,Pogonias cromis,437,529671129.4
1982,Scomberomorus brasiliensis,2895,529671129.4
1982,Scomberomorus cavalla,384,529671129.4
1982,Scomberomorus cavalla2,4409,529671129.4
1982,Scomberomorus cavalla3,1905,529671129.4
1983,Arca zebra,8262,645268002.7
1983,Callinectes sapidus,6979,645268002.7
1983,Centropomus spp,147,645268002.7
1983,Centropomus undecimalis,1697,645268002.7
1983,Crassostrea virginica,33506,645268002.7
1983,Cynoscion nebulosus,2182,645268002.7
1983,Lobatus gigas,1240,645268002.7
1983,Lobatus gigas2,158,645268002.7
1983,Lutjanus synagris,10,645268002.7
1983,Lutjanus synagris2,680,645268002.7
1983,Menticirrhus littoralis,393,645268002.7
1983,Micropogonias furnieri,3155,645268002.7
1983,Mugil cephalus,3397,645268002.7
1983,Mugil liza,2011,645268002.7
1983,Ocyurus chrysurus,276,645268002.7
1983,Ocyurus chrysurus2,1627,645268002.7
1983,Ocyurus chrysurus3,212,645268002.7
1983,Opisthonema oglinum,2356,645268002.7
1983,Opisthonema oglinum2,1326,645268002.7
1983,Pogonias cromis,433,645268002.7
1983,Scomberomorus brasiliensis,3228,645268002.7
1983,Scomberomorus cavalla,168,645268002.7
1983,Scomberomorus cavalla2,2874,645268002.7
1983,Scomberomorus cavalla3,1910,645268002.7
1984,Arca zebra,20187,659648793.8
1984,Callinectes sapidus,6659,659648793.8
1984,Centropomus spp,63,659648793.8
1984,Centropomus undecimalis,1088,659648793.8
1984,Crassostrea virginica,42807,659648793.8
1984,Cynoscion nebulosus,2247,659648793.8
1984,Lobatus gigas,1504,659648793.8
1984,Lobatus gigas2,1928,659648793.8
1984,Lutjanus synagris,291,659648793.8
1984,Lutjanus synagris2,474,659648793.8
1984,Menticirrhus littoralis,428,659648793.8
1984,Micropogonias furnieri,3339,659648793.8
1984,Mugil cephalus,3377,659648793.8
1984,Mugil liza,1923,659648793.8
1984,Ocyurus chrysurus,254,659648793.8
1984,Ocyurus chrysurus2,1173,659648793.8
1984,Ocyurus chrysurus3,262,659648793.8
1984,Opisthonema oglinum,1938,659648793.8
1984,Opisthonema oglinum2,276,659648793.8
1984,Pogonias cromis,475,659648793.8
1984,Scomberomorus brasiliensis,2722,659648793.8
1984,Scomberomorus cavalla,1058,659648793.8
1984,Scomberomorus cavalla2,2164,659648793.8
1984,Scomberomorus cavalla3,924,659648793.8
1985,Arca zebra,12446,712640958.1
1985,Callinectes sapidus,6320,712640958.1
1985,Centropomus spp,93,712640958.1
1985,Centropomus undecimalis,860,712640958.1
1985,Crassostrea virginica,42667,712640958.1
1985,Cynoscion nebulosus,1833,712640958.1
1985,Lobatus gigas,1798,712640958.1
1985,Lobatus gigas2,2258,712640958.1
1985,Lutjanus synagris,352,712640958.1
1985,Lutjanus synagris2,545,712640958.1
1985,Menticirrhus littoralis,286,712640958.1
1985,Micropogonias furnieri,3275,712640958.1
1985,Mugil cephalus,4640,712640958.1
1985,Mugil liza,1522,712640958.1
1985,Ocyurus chrysurus,155,712640958.1
1985,Ocyurus chrysurus2,274,712640958.1
1985,Ocyurus chrysurus3,473,712640958.1
1985,Opisthonema oglinum,2400,712640958.1
1985,Opisthonema oglinum2,389,712640958.1
1985,Pogonias cromis,203,712640958.1
1985,Scomberomorus brasiliensis,4928,712640958.1
1985,Scomberomorus cavalla,1267,712640958.1
1985,Scomberomorus cavalla2,2303,712640958.1
1985,Scomberomorus cavalla3,833,712640958.1
1986,Arca zebra,10994,728631724
1986,Callinectes sapidus,5187,728631724
1986,Centropomus spp,98,728631724
1986,Centropomus undecimalis,614,728631724
1986,Crassostrea virginica,42375,728631724
1986,Cynoscion nebulosus,1870,728631724
1986,Lobatus gigas,1583,728631724
1986,Lobatus gigas2,2970,728631724
1986,Lutjanus synagris,354,728631724
1986,Lutjanus synagris2,633,728631724
1986,Menticirrhus littoralis,234,728631724
1986,Micropogonias furnieri,3965,728631724
1986,Mugil cephalus,4429,728631724
1986,Mugil liza,1266,728631724
1986,Ocyurus chrysurus,210,728631724
1986,Ocyurus chrysurus2,1752,728631724
1986,Ocyurus chrysurus3,351,728631724
1986,Opisthonema oglinum,2406,728631724
1986,Opisthonema oglinum2,668,728631724
1986,Pogonias cromis,229,728631724
1986,Scomberomorus brasiliensis,2548,728631724
1986,Scomberomorus cavalla,1271,728631724
1986,Scomberomorus cavalla2,2643,728631724
1986,Scomberomorus cavalla3,933,728631724
1987,Arca zebra,18036,843315431.5
1987,Callinectes sapidus,5666,843315431.5
1987,Centropomus spp,309,843315431.5
1987,Centropomus undecimalis,723,843315431.5
1987,Crassostrea virginica,50715,843315431.5
1987,Cynoscion nebulosus,2010,843315431.5
1987,Lobatus gigas,577,843315431.5
1987,Lobatus gigas2,510,843315431.5
1987,Lutjanus synagris,234,843315431.5
1987,Lutjanus synagris2,631,843315431.5
1987,Menticirrhus littoralis,625,843315431.5
1987,Micropogonias furnieri,4104,843315431.5
1987,Mugil cephalus,3662,843315431.5
1987,Mugil liza,1740,843315431.5
1987,Ocyurus chrysurus,191,843315431.5
1987,Ocyurus chrysurus2,2164,843315431.5
1987,Ocyurus chrysurus3,388,843315431.5
1987,Opisthonema oglinum,1790,843315431.5
1987,Opisthonema oglinum2,617,843315431.5
1987,Pogonias cromis,142,843315431.5
1987,Scomberomorus brasiliensis,3576,843315431.5
1987,Scomberomorus cavalla,1321,843315431.5
1987,Scomberomorus cavalla2,3067,843315431.5
1987,Scomberomorus cavalla3,1022,843315431.5
1988,Arca zebra,17966,986391062.1
1988,Callinectes sapidus,6194,986391062.1
1988,Centropomus spp,259,986391062.1
1988,Centropomus undecimalis,814,986391062.1
1988,Crassostrea virginica,56118,986391062.1
1988,Cynoscion nebulosus,2178,986391062.1
1988,Lobatus gigas,1710,986391062.1
1988,Lobatus gigas2,248,986391062.1
1988,Lutjanus synagris,105,986391062.1
1988,Lutjanus synagris2,650,986391062.1
1988,Menticirrhus littoralis,281,986391062.1
1988,Micropogonias furnieri,3357,986391062.1
1988,Mugil cephalus,3466,986391062.1
1988,Mugil liza,2117,986391062.1
1988,Ocyurus chrysurus,194,986391062.1
1988,Ocyurus chrysurus2,1520,986391062.1
1988,Ocyurus chrysurus3,464,986391062.1
1988,Opisthonema oglinum,2268,986391062.1
1988,Opisthonema oglinum2,301,986391062.1
1988,Pogonias cromis,173,986391062.1
1988,Scomberomorus brasiliensis,4447,986391062.1
1988,Scomberomorus cavalla,1435,986391062.1
1988,Scomberomorus cavalla2,3100,986391062.1
1988,Scomberomorus cavalla3,2087,986391062.1
1989,Arca zebra,27279,840150841.9
1989,Callinectes sapidus,5974,840150841.9
1989,Centropomus spp,229,840150841.9
1989,Centropomus undecimalis,932,840150841.9
1989,Crassostrea virginica,56599,840150841.9
1989,Cynoscion nebulosus,2164,840150841.9
1989,Lobatus gigas,5583,840150841.9
1989,Lobatus gigas2,863,840150841.9
1989,Lutjanus synagris,199,840150841.9
1989,Lutjanus synagris2,566,840150841.9
1989,Menticirrhus littoralis,436,840150841.9
1989,Micropogonias furnieri,4297,840150841.9
1989,Mugil cephalus,5115,840150841.9
1989,Mugil liza,3241,840150841.9
1989,Ocyurus chrysurus,197,840150841.9
1989,Ocyurus chrysurus2,2519,840150841.9
1989,Ocyurus chrysurus3,674,840150841.9
1989,Opisthonema oglinum,2151,840150841.9
1989,Opisthonema oglinum2,1015,840150841.9
1989,Pogonias cromis,381,840150841.9
1989,Scomberomorus brasiliensis,4851,840150841.9
1989,Scomberomorus cavalla,1430,840150841.9
1989,Scomberomorus cavalla2,2300,840150841.9
1989,Scomberomorus cavalla3,1669,840150841.9
1990,Arca zebra,27894,894661355
1990,Callinectes sapidus,7400,894661355
1990,Centropomus spp,118,894661355
1990,Centropomus undecimalis,1246,894661355
1990,Crassostrea virginica,48345,894661355
1990,Cynoscion nebulosus,2429,894661355
1990,Lobatus gigas,5120,894661355
1990,Lobatus gigas2,1620,894661355
1990,Lutjanus synagris,1070,894661355
1990,Lutjanus synagris2,680,894661355
1990,Menticirrhus littoralis,652,894661355
1990,Micropogonias furnieri,4722,894661355
1990,Mugil cephalus,8237,894661355
1990,Mugil liza,2686,894661355
1990,Ocyurus chrysurus,180,894661355
1990,Ocyurus chrysurus2,3226,894661355
1990,Ocyurus chrysurus3,715,894661355
1990,Opisthonema oglinum,2511,894661355
1990,Opisthonema oglinum2,367,894661355
1990,Pogonias cromis,228,894661355
1990,Scomberomorus brasiliensis,4931,894661355
1990,Scomberomorus cavalla,1323,894661355
1990,Scomberomorus cavalla2,2689,894661355
1990,Scomberomorus cavalla3,1501,894661355
1991,Arca zebra,15649,970160034.5
1991,Callinectes sapidus,8651,970160034.5
1991,Centropomus spp,61,970160034.5
1991,Centropomus undecimalis,1354,970160034.5
1991,Crassostrea virginica,34714,970160034.5
1991,Cynoscion nebulosus,1022,970160034.5
1991,Lobatus gigas,4300,970160034.5
1991,Lobatus gigas2,5813,970160034.5
1991,Lutjanus synagris,446,970160034.5
1991,Lutjanus synagris2,648,970160034.5
1991,Menticirrhus littoralis,694,970160034.5
1991,Micropogonias furnieri,7465,970160034.5
1991,Mugil cephalus,8431,970160034.5
1991,Mugil liza,3784,970160034.5
1991,Ocyurus chrysurus,183,970160034.5
1991,Ocyurus chrysurus2,2320,970160034.5
1991,Ocyurus chrysurus3,659,970160034.5
1991,Opisthonema oglinum,2550,970160034.5
1991,Opisthonema oglinum2,947,970160034.5
1991,Pogonias cromis,370,970160034.5
1991,Scomberomorus brasiliensis,7419,970160034.5
1991,Scomberomorus cavalla,762,970160034.5
1991,Scomberomorus cavalla2,2147,970160034.5
1991,Scomberomorus cavalla3,2461,970160034.5
1992,Arca zebra,15793,952153040.5
1992,Callinectes sapidus,9372,952153040.5
1992,Centropomus spp,387,952153040.5
1992,Centropomus undecimalis,2593,952153040.5
1992,Crassostrea virginica,28891,952153040.5
1992,Cynoscion nebulosus,1855,952153040.5
1992,Lobatus gigas,2640,952153040.5
1992,Lobatus gigas2,5415,952153040.5
1992,Lutjanus synagris,548,952153040.5
1992,Lutjanus synagris2,2463,952153040.5
1992,Menticirrhus littoralis,454,952153040.5
1992,Micropogonias furnieri,5387,952153040.5
1992,Mugil cephalus,8244,952153040.5
1992,Mugil liza,4070,952153040.5
1992,Ocyurus chrysurus,267,952153040.5
1992,Ocyurus chrysurus2,1132,952153040.5
1992,Ocyurus chrysurus3,659,952153040.5
1992,Opisthonema oglinum,1572,952153040.5
1992,Opisthonema oglinum2,455,952153040.5
1992,Pogonias cromis,274,952153040.5
1992,Scomberomorus brasiliensis,4925,952153040.5
1992,Scomberomorus cavalla,782,952153040.5
1992,Scomberomorus cavalla2,3014,952153040.5
1992,Scomberomorus cavalla3,2351,952153040.5
1993,Arca zebra,28581,998017400.5
1993,Callinectes sapidus,11076,998017400.5
1993,Centropomus spp,86,998017400.5
1993,Centropomus undecimalis,4783,998017400.5
1993,Crassostrea virginica,22821,998017400.5
1993,Cynoscion nebulosus,1716,998017400.5
1993,Lobatus gigas,2600,998017400.5
1993,Lobatus gigas2,3638,998017400.5
1993,Lutjanus synagris,224,998017400.5
1993,Lutjanus synagris2,2745,998017400.5
1993,Menticirrhus littoralis,582,998017400.5
1993,Micropogonias furnieri,6697,998017400.5
1993,Mugil cephalus,9103,998017400.5
1993,Mugil liza,4402,998017400.5
1993,Ocyurus chrysurus,273,998017400.5
1993,Ocyurus chrysurus2,910,998017400.5
1993,Ocyurus chrysurus3,678,998017400.5
1993,Opisthonema oglinum,886,998017400.5
1993,Opisthonema oglinum2,206,998017400.5
1993,Pogonias cromis,250,998017400.5
1993,Scomberomorus brasiliensis,7207,998017400.5
1993,Scomberomorus cavalla,791,998017400.5
1993,Scomberomorus cavalla2,3289,998017400.5
1993,Scomberomorus cavalla3,1992,998017400.5
1994,Arca zebra,31193,867055953.7
1994,Callinectes sapidus,11026,867055953.7
1994,Centropomus spp,13,867055953.7
1994,Centropomus undecimalis,4569,867055953.7
1994,Crassostrea virginica,33647,867055953.7
1994,Cynoscion nebulosus,1253,867055953.7
1994,Lobatus gigas,4680,867055953.7
1994,Lobatus gigas2,3623,867055953.7
1994,Lutjanus synagris,58,867055953.7
1994,Lutjanus synagris2,1875,867055953.7
1994,Menticirrhus littoralis,869,867055953.7
1994,Micropogonias furnieri,6058,867055953.7
1994,Mugil cephalus,10678,867055953.7
1994,Mugil liza,3644,867055953.7
1994,Ocyurus chrysurus,671,867055953.7
1994,Ocyurus chrysurus2,1184,867055953.7
1994,Ocyurus chrysurus3,684,867055953.7
1994,Opisthonema oglinum,1384,867055953.7
1994,Opisthonema oglinum2,269,867055953.7
1994,Pogonias cromis,204,867055953.7
1994,Scomberomorus brasiliensis,6012,867055953.7
1994,Scomberomorus cavalla,1330,867055953.7
1994,Scomberomorus cavalla2,3097,867055953.7
1994,Scomberomorus cavalla3,2484,867055953.7
1995,Arca zebra,33987,910793702.2
1995,Callinectes sapidus,10657,910793702.2
1995,Centropomus spp,22,910793702.2
1995,Centropomus undecimalis,3023,910793702.2
1995,Crassostrea virginica,27609,910793702.2
1995,Cynoscion nebulosus,3107,910793702.2
1995,Lobatus gigas,2210,910793702.2
1995,Lobatus gigas2,5063,910793702.2
1995,Lutjanus synagris,225,910793702.2
1995,Lutjanus synagris2,968,910793702.2
1995,Menticirrhus littoralis,948,910793702.2
1995,Micropogonias furnieri,7043,910793702.2
1995,Mugil cephalus,9363,910793702.2
1995,Mugil liza,3228,910793702.2
1995,Ocyurus chrysurus,248,910793702.2
1995,Ocyurus chrysurus2,825,910793702.2
1995,Ocyurus chrysurus3,511,910793702.2
1995,Opisthonema oglinum,2005,910793702.2
1995,Opisthonema oglinum2,307,910793702.2
1995,Pogonias cromis,166,910793702.2
1995,Scomberomorus brasiliensis,6541,910793702.2
1995,Scomberomorus cavalla,2042,910793702.2
1995,Scomberomorus cavalla2,3050,910793702.2
1995,Scomberomorus cavalla3,3026,910793702.2
1996,Arca zebra,31925,1031342433
1996,Callinectes sapidus,13736,1031342433
1996,Centropomus spp,111,1031342433
1996,Centropomus undecimalis,2177,1031342433
1996,Crassostrea virginica,34726,1031342433
1996,Cynoscion nebulosus,3213,1031342433
1996,Lobatus gigas,1889,1031342433
1996,Lobatus gigas2,4568,1031342433
1996,Lutjanus synagris,236,1031342433
1996,Lutjanus synagris2,950,1031342433
1996,Menticirrhus littoralis,1070,1031342433
1996,Micropogonias furnieri,6065,1031342433
1996,Mugil cephalus,8839,1031342433
1996,Mugil liza,3248,1031342433
1996,Ocyurus chrysurus,793,1031342433
1996,Ocyurus chrysurus2,858,1031342433
1996,Ocyurus chrysurus3,338,1031342433
1996,Opisthonema oglinum,2361,1031342433
1996,Opisthonema oglinum2,294,1031342433
1996,Pogonias cromis,134,1031342433
1996,Scomberomorus brasiliensis,5388,1031342433
1996,Scomberomorus cavalla,1648,1031342433
1996,Scomberomorus cavalla2,4377,1031342433
1996,Scomberomorus cavalla3,3169,1031342433
1997,Arca zebra,39128,811593600.3
1997,Callinectes sapidus,14412,811593600.3
1997,Centropomus spp,5,811593600.3
1997,Centropomus undecimalis,1560,811593600.3
1997,Crassostrea virginica,38515,811593600.3
1997,Cynoscion nebulosus,3448,811593600.3
1997,Lobatus gigas,1594,811593600.3
1997,Lobatus gigas2,6510,811593600.3
1997,Lutjanus synagris,35,811593600.3
1997,Lutjanus synagris2,641,811593600.3
1997,Menticirrhus littoralis,1220,811593600.3
1997,Micropogonias furnieri,3694,811593600.3
1997,Mugil cephalus,6465,811593600.3
1997,Mugil liza,1550,811593600.3
1997,Ocyurus chrysurus,529,811593600.3
1997,Ocyurus chrysurus2,840,811593600.3
1997,Ocyurus chrysurus3,335,811593600.3
1997,Opisthonema oglinum,1900,811593600.3
1997,Opisthonema oglinum2,5564,811593600.3
1997,Pogonias cromis,362,811593600.3
1997,Scomberomorus brasiliensis,5940,811593600.3
1997,Scomberomorus cavalla,589,811593600.3
1997,Scomberomorus cavalla2,5370,811593600.3
1997,Scomberomorus cavalla3,4675,811593600.3
1998,Arca zebra,27981,934292285.8
1998,Callinectes sapidus,12920,934292285.8
1998,Centropomus spp,0,934292285.8
1998,Centropomus undecimalis,2022,934292285.8
1998,Crassostrea virginica,30715,934292285.8
1998,Cynoscion nebulosus,6600,934292285.8
1998,Lobatus gigas,2683,934292285.8
1998,Lobatus gigas2,4508,934292285.8
1998,Lutjanus synagris,12,934292285.8
1998,Lutjanus synagris2,591,934292285.8
1998,Menticirrhus littoralis,1824,934292285.8
1998,Micropogonias furnieri,4871,934292285.8
1998,Mugil cephalus,6284,934292285.8
1998,Mugil liza,2874,934292285.8
1998,Ocyurus chrysurus,190,934292285.8
1998,Ocyurus chrysurus2,1900,934292285.8
1998,Ocyurus chrysurus3,272,934292285.8
1998,Opisthonema oglinum,1286,934292285.8
1998,Opisthonema oglinum2,10619,934292285.8
1998,Pogonias cromis,392,934292285.8
1998,Scomberomorus brasiliensis,6406,934292285.8
1998,Scomberomorus cavalla,288,934292285.8
1998,Scomberomorus cavalla2,4598,934292285.8
1998,Scomberomorus cavalla3,1526,934292285.8
1999,Arca zebra,38646,901728905
1999,Callinectes sapidus,12714,901728905
1999,Centropomus spp,11,901728905
1999,Centropomus undecimalis,1704,901728905
1999,Crassostrea virginica,39268,901728905
1999,Cynoscion nebulosus,6549,901728905
1999,Lobatus gigas,1257,901728905
1999,Lobatus gigas2,5408,901728905
1999,Lutjanus synagris,45,901728905
1999,Lutjanus synagris2,630,901728905
1999,Menticirrhus littoralis,1576,901728905
1999,Micropogonias furnieri,1900,901728905
1999,Mugil cephalus,5151,901728905
1999,Mugil liza,2855,901728905
1999,Ocyurus chrysurus,234,901728905
1999,Ocyurus chrysurus2,1554,901728905
1999,Ocyurus chrysurus3,220,901728905
1999,Opisthonema oglinum,1756,901728905
1999,Opisthonema oglinum2,14789,901728905
1999,Pogonias cromis,179,901728905
1999,Scomberomorus brasiliensis,4237,901728905
1999,Scomberomorus cavalla,230,901728905
1999,Scomberomorus cavalla2,5002,901728905
1999,Scomberomorus cavalla3,3269,901728905
2000,Arca zebra,44709,815836862.4
2000,Callinectes sapidus,8602,815836862.4
2000,Centropomus spp,26,815836862.4
2000,Centropomus undecimalis,1850,815836862.4
2000,Crassostrea virginica,48101,815836862.4
2000,Cynoscion nebulosus,6227,815836862.4
2000,Lobatus gigas,1778,815836862.4
2000,Lobatus gigas2,5348,815836862.4
2000,Lutjanus synagris,3,815836862.4
2000,Lutjanus synagris2,430,815836862.4
2000,Menticirrhus littoralis,606,815836862.4
2000,Micropogonias furnieri,3262,815836862.4
2000,Mugil cephalus,5467,815836862.4
2000,Mugil liza,3186,815836862.4
2000,Ocyurus chrysurus,249,815836862.4
2000,Ocyurus chrysurus2,1357,815836862.4
2000,Ocyurus chrysurus3,291,815836862.4
2000,Opisthonema oglinum,1522,815836862.4
2000,Opisthonema oglinum2,9866,815836862.4
2000,Pogonias cromis,207,815836862.4
2000,Scomberomorus brasiliensis,5654,815836862.4
2000,Scomberomorus cavalla,271,815836862.4
2000,Scomberomorus cavalla2,4576,815836862.4
2000,Scomberomorus cavalla3,2144,815836862.4
2001,Arca zebra,43675,901315110.5
2001,Callinectes sapidus,7291,901315110.5
2001,Centropomus spp,0,901315110.5
2001,Centropomus undecimalis,1903,901315110.5
2001,Crassostrea virginica,48570,901315110.5
2001,Cynoscion nebulosus,4799,901315110.5
2001,Lobatus gigas,1437,901315110.5
2001,Lobatus gigas2,5550,901315110.5
2001,Lutjanus synagris,0,901315110.5
2001,Lutjanus synagris2,693,901315110.5
2001,Menticirrhus littoralis,484,901315110.5
2001,Micropogonias furnieri,6848,901315110.5
2001,Mugil cephalus,5008,901315110.5
2001,Mugil liza,2537,901315110.5
2001,Ocyurus chrysurus,356,901315110.5
2001,Ocyurus chrysurus2,1600,901315110.5
2001,Ocyurus chrysurus3,158,901315110.5
2001,Opisthonema oglinum,1676,901315110.5
2001,Opisthonema oglinum2,3650,901315110.5
2001,Pogonias cromis,143,901315110.5
2001,Scomberomorus brasiliensis,5598,901315110.5
2001,Scomberomorus cavalla,261,901315110.5
2001,Scomberomorus cavalla2,5119,901315110.5
2001,Scomberomorus cavalla3,2510,901315110.5
2002,Arca zebra,44725,821330401.1
2002,Callinectes sapidus,8063,821330401.1
2002,Centropomus spp,10,821330401.1
2002,Centropomus undecimalis,1437,821330401.1
2002,Crassostrea virginica,47570,821330401.1
2002,Cynoscion nebulosus,5957,821330401.1
2002,Lobatus gigas,2685,821330401.1
2002,Lobatus gigas2,6000,821330401.1
2002,Lutjanus synagris,20,821330401.1
2002,Lutjanus synagris2,280,821330401.1
2002,Menticirrhus littoralis,630,821330401.1
2002,Micropogonias furnieri,2892,821330401.1
2002,Mugil cephalus,4866,821330401.1
2002,Mugil liza,2294,821330401.1
2002,Ocyurus chrysurus,134,821330401.1
2002,Ocyurus chrysurus2,1702,821330401.1
2002,Ocyurus chrysurus3,213,821330401.1
2002,Opisthonema oglinum,1799,821330401.1
2002,Opisthonema oglinum2,106,821330401.1
2002,Pogonias cromis,165,821330401.1
2002,Scomberomorus brasiliensis,5250,821330401.1
2002,Scomberomorus cavalla,653,821330401.1
2002,Scomberomorus cavalla2,5720,821330401.1
2002,Scomberomorus cavalla3,4048,821330401.1
2003,Arca zebra,45850,896139577.6
2003,Callinectes sapidus,6023,896139577.6
2003,Centropomus spp,25,896139577.6
2003,Centropomus undecimalis,2615,896139577.6
2003,Crassostrea virginica,45330,896139577.6
2003,Cynoscion nebulosus,2464,896139577.6
2003,Lobatus gigas,1654,896139577.6
2003,Lobatus gigas2,7515,896139577.6
2003,Lutjanus synagris,33,896139577.6
2003,Lutjanus synagris2,256,896139577.6
2003,Menticirrhus littoralis,248,896139577.6
2003,Micropogonias furnieri,3824,896139577.6
2003,Mugil cephalus,5481,896139577.6
2003,Mugil liza,3214,896139577.6
2003,Ocyurus chrysurus,151,896139577.6
2003,Ocyurus chrysurus2,591,896139577.6
2003,Ocyurus chrysurus3,585,896139577.6
2003,Opisthonema oglinum,1740,896139577.6
2003,Opisthonema oglinum2,9218,896139577.6
2003,Pogonias cromis,73,896139577.6
2003,Scomberomorus brasiliensis,5628,896139577.6
2003,Scomberomorus cavalla,452,896139577.6
2003,Scomberomorus cavalla2,4369,896139577.6
2003,Scomberomorus cavalla3,4243,896139577.6
2004,Arca zebra,27500,839141395.3
2004,Callinectes sapidus,4752,839141395.3
2004,Centropomus spp,1,839141395.3
2004,Centropomus undecimalis,2000,839141395.3
2004,Crassostrea virginica,45041,839141395.3
2004,Cynoscion nebulosus,1658,839141395.3
2004,Lobatus gigas,1207,839141395.3
2004,Lobatus gigas2,668,839141395.3
2004,Lutjanus synagris,48,839141395.3
2004,Lutjanus synagris2,233,839141395.3
2004,Menticirrhus littoralis,167,839141395.3
2004,Micropogonias furnieri,4260,839141395.3
2004,Mugil cephalus,5000,839141395.3
2004,Mugil liza,2500,839141395.3
2004,Ocyurus chrysurus,126,839141395.3
2004,Ocyurus chrysurus2,537,839141395.3
2004,Ocyurus chrysurus3,650,839141395.3
2004,Opisthonema oglinum,1740,839141395.3
2004,Opisthonema oglinum2,10300,839141395.3
2004,Pogonias cromis,49,839141395.3
2004,Scomberomorus brasiliensis,5896,839141395.3
2004,Scomberomorus cavalla,225,839141395.3
2004,Scomberomorus cavalla2,6634,839141395.3
2004,Scomberomorus cavalla3,3839,839141395.3
2005,Arca zebra,9062,881807408.3
2005,Callinectes sapidus,10275,881807408.3
2005,Centropomus spp,10,881807408.3
2005,Centropomus undecimalis,1321,881807408.3
2005,Crassostrea virginica,39894,881807408.3
2005,Cynoscion nebulosus,384,881807408.3
2005,Lobatus gigas,1473,881807408.3
2005,Lobatus gigas2,1,881807408.3
2005,Lutjanus synagris,9,881807408.3
2005,Lutjanus synagris2,392,881807408.3
2005,Menticirrhus littoralis,460,881807408.3
2005,Micropogonias furnieri,3620,881807408.3
2005,Mugil cephalus,4537,881807408.3
2005,Mugil liza,1745,881807408.3
2005,Ocyurus chrysurus,71,881807408.3
2005,Ocyurus chrysurus2,1640,881807408.3
2005,Ocyurus chrysurus3,550,881807408.3
2005,Opisthonema oglinum,1195,881807408.3
2005,Opisthonema oglinum2,8750,881807408.3
2005,Pogonias cromis,88,881807408.3
2005,Scomberomorus brasiliensis,6421,881807408.3
2005,Scomberomorus cavalla,173,881807408.3
2005,Scomberomorus cavalla2,4616,881807408.3
2005,Scomberomorus cavalla3,3862,881807408.3
2006,Arca zebra,13586,892467419.3
2006,Callinectes sapidus,10729,892467419.3
2006,Centropomus spp,25,892467419.3
2006,Centropomus undecimalis,1820,892467419.3
2006,Crassostrea virginica,42902,892467419.3
2006,Cynoscion nebulosus,401,892467419.3
2006,Lobatus gigas,996,892467419.3
2006,Lobatus gigas2,1470,892467419.3
2006,Lutjanus synagris,15,892467419.3
2006,Lutjanus synagris2,410,892467419.3
2006,Menticirrhus littoralis,480,892467419.3
2006,Micropogonias furnieri,2130,892467419.3
2006,Mugil cephalus,5245,892467419.3
2006,Mugil liza,1896,892467419.3
2006,Ocyurus chrysurus,181,892467419.3
2006,Ocyurus chrysurus2,1713,892467419.3
2006,Ocyurus chrysurus3,328,892467419.3
2006,Opisthonema oglinum,1964,892467419.3
2006,Opisthonema oglinum2,5150,892467419.3
2006,Pogonias cromis,92,892467419.3
2006,Scomberomorus brasiliensis,5875,892467419.3
2006,Scomberomorus cavalla,180,892467419.3
2006,Scomberomorus cavalla2,4821,892467419.3
2006,Scomberomorus cavalla3,4228,892467419.3
2007,Arca zebra,74356,1158118160
2007,Callinectes sapidus,10183,1158118160
2007,Centropomus spp,40,1158118160
2007,Centropomus undecimalis,2099,1158118160
2007,Crassostrea virginica,45948,1158118160
2007,Cynoscion nebulosus,181,1158118160
2007,Lobatus gigas,1328,1158118160
2007,Lobatus gigas2,1500,1158118160
2007,Lutjanus synagris,20,1158118160
2007,Lutjanus synagris2,258,1158118160
2007,Menticirrhus littoralis,199,1158118160
2007,Micropogonias furnieri,2450,1158118160
2007,Mugil cephalus,4382,1158118160
2007,Mugil liza,1898,1158118160
2007,Ocyurus chrysurus,152,1158118160
2007,Ocyurus chrysurus2,1707,1158118160
2007,Ocyurus chrysurus3,370,1158118160
2007,Opisthonema oglinum,1359,1158118160
2007,Opisthonema oglinum2,6000,1158118160
2007,Pogonias cromis,44,1158118160
2007,Scomberomorus brasiliensis,3740,1158118160
2007,Scomberomorus cavalla,145,1158118160
2007,Scomberomorus cavalla2,4048,1158118160
2007,Scomberomorus cavalla3,2743,1158118160
2008,Arca zebra,70964,994142358.2
2008,Callinectes sapidus,9729,994142358.2
2008,Centropomus spp,50,994142358.2
2008,Centropomus undecimalis,1479,994142358.2
2008,Crassostrea virginica,40472,994142358.2
2008,Cynoscion nebulosus,236,994142358.2
2008,Lobatus gigas,1634,994142358.2
2008,Lobatus gigas2,1,994142358.2
2008,Lutjanus synagris,30,994142358.2
2008,Lutjanus synagris2,250,994142358.2
2008,Menticirrhus littoralis,101,994142358.2
2008,Micropogonias furnieri,2570,994142358.2
2008,Mugil cephalus,3462,994142358.2
2008,Mugil liza,2045,994142358.2
2008,Ocyurus chrysurus,177,994142358.2
2008,Ocyurus chrysurus2,2057,994142358.2
2008,Ocyurus chrysurus3,395,994142358.2
2008,Opisthonema oglinum,1666,994142358.2
2008,Opisthonema oglinum2,6150,994142358.2
2008,Pogonias cromis,33,994142358.2
2008,Scomberomorus brasiliensis,4134,994142358.2
2008,Scomberomorus cavalla,317,994142358.2
2008,Scomberomorus cavalla2,4921,994142358.2
2008,Scomberomorus cavalla3,3317,994142358.2
2009,Arca zebra,68500,967312243.7
2009,Callinectes sapidus,9275,967312243.7
2009,Centropomus spp,62,967312243.7
2009,Centropomus undecimalis,1530,967312243.7
2009,Crassostrea virginica,36858,967312243.7
2009,Cynoscion nebulosus,256,967312243.7
2009,Lobatus gigas,2278,967312243.7
2009,Lobatus gigas2,1572,967312243.7
2009,Lutjanus synagris,36,967312243.7
2009,Lutjanus synagris2,241,967312243.7
2009,Menticirrhus littoralis,102,967312243.7
2009,Micropogonias furnieri,2660,967312243.7
2009,Mugil cephalus,3580,967312243.7
2009,Mugil liza,2120,967312243.7
2009,Ocyurus chrysurus,160,967312243.7
2009,Ocyurus chrysurus2,2106,967312243.7
2009,Ocyurus chrysurus3,400,967312243.7
2009,Opisthonema oglinum,1799,967312243.7
2009,Opisthonema oglinum2,6370,967312243.7
2009,Pogonias cromis,21,967312243.7
2009,Scomberomorus brasiliensis,4119,967312243.7
2009,Scomberomorus cavalla,285,967312243.7
2009,Scomberomorus cavalla2,3473,967312243.7
2009,Scomberomorus cavalla3,3292,967312243.7
2010,Arca zebra,40000,1159814784
2010,Callinectes sapidus,9138,1159814784
2010,Centropomus spp,123,1159814784
2010,Centropomus undecimalis,910,1159814784
2010,Crassostrea virginica,46664,1159814784
2010,Cynoscion nebulosus,165,1159814784
2010,Lobatus gigas,256,1159814784
2010,Lobatus gigas2,1575,1159814784
2010,Lutjanus synagris,34,1159814784
2010,Lutjanus synagris2,172,1159814784
2010,Menticirrhus littoralis,103,1159814784
2010,Micropogonias furnieri,1600,1159814784
2010,Mugil cephalus,2140,1159814784
2010,Mugil liza,1270,1159814784
2010,Ocyurus chrysurus,172,1159814784
2010,Ocyurus chrysurus2,1227,1159814784
2010,Ocyurus chrysurus3,240,1159814784
2010,Opisthonema oglinum,1524,1159814784
2010,Opisthonema oglinum2,3000,1159814784
2010,Pogonias cromis,23,1159814784
2010,Scomberomorus brasiliensis,2792,1159814784
2010,Scomberomorus cavalla,802,1159814784
2010,Scomberomorus cavalla2,4720,1159814784
2010,Scomberomorus cavalla3,2194,1159814784
2011,Arca zebra,19770,1061540866
2011,Callinectes sapidus,9505,1061540866
2011,Centropomus spp,77,1061540866
2011,Centropomus undecimalis,1187,1061540866
2011,Crassostrea virginica,42881,1061540866
2011,Cynoscion nebulosus,189,1061540866
2011,Lobatus gigas,1870,1061540866
2011,Lobatus gigas2,1620,1061540866
2011,Lutjanus synagris,30,1061540866
2011,Lutjanus synagris2,242,1061540866
2011,Menticirrhus littoralis,106,1061540866
2011,Micropogonias furnieri,1498,1061540866
2011,Mugil cephalus,1699,1061540866
2011,Mugil liza,1324,1061540866
2011,Ocyurus chrysurus,151,1061540866
2011,Ocyurus chrysurus2,819,1061540866
2011,Ocyurus chrysurus3,422,1061540866
2011,Opisthonema oglinum,1574,1061540866
2011,Opisthonema oglinum2,49,1061540866
2011,Pogonias cromis,93,1061540866
2011,Scomberomorus brasiliensis,3877,1061540866
2011,Scomberomorus cavalla,99,1061540866
2011,Scomberomorus cavalla2,4202,1061540866
2011,Scomberomorus cavalla3,4424,1061540866
2012,Arca zebra,12687,989207750.2
2012,Callinectes sapidus,8967,989207750.2
2012,Centropomus spp,78,989207750.2
2012,Centropomus undecimalis,1637,989207750.2
2012,Crassostrea virginica,42487,989207750.2
2012,Cynoscion nebulosus,177,989207750.2
2012,Lobatus gigas,2187,989207750.2
2012,Lobatus gigas2,1575,989207750.2
2012,Lutjanus synagris,38,989207750.2
2012,Lutjanus synagris2,200,989207750.2
2012,Menticirrhus littoralis,238,989207750.2
2012,Micropogonias furnieri,1833,989207750.2
2012,Mugil cephalus,1384,989207750.2
2012,Mugil liza,1547,989207750.2
2012,Ocyurus chrysurus,147,989207750.2
2012,Ocyurus chrysurus2,1780,989207750.2
2012,Ocyurus chrysurus3,219,989207750.2
2012,Opisthonema oglinum,1636,989207750.2
2012,Opisthonema oglinum2,846,989207750.2
2012,Pogonias cromis,79,989207750.2
2012,Scomberomorus brasiliensis,2686,989207750.2
2012,Scomberomorus cavalla,96,989207750.2
2012,Scomberomorus cavalla2,3916,989207750.2
2012,Scomberomorus cavalla3,3724,989207750.2
2013,Arca zebra,15000,1039433633
2013,Callinectes sapidus,9795,1039433633
2013,Centropomus spp,57,1039433633
2013,Centropomus undecimalis,1900,1039433633
2013,Crassostrea virginica,36453,1039433633
2013,Cynoscion nebulosus,737,1039433633
2013,Lobatus gigas,2218,1039433633
2013,Lobatus gigas2,1575,1039433633
2013,Lutjanus synagris,46,1039433633
2013,Lutjanus synagris2,142,1039433633
2013,Menticirrhus littoralis,220,1039433633
2013,Micropogonias furnieri,1570,1039433633
2013,Mugil cephalus,1390,1039433633
2013,Mugil liza,2070,1039433633
2013,Ocyurus chrysurus,174,1039433633
2013,Ocyurus chrysurus2,1516,1039433633
2013,Ocyurus chrysurus3,195,1039433633
2013,Opisthonema oglinum,1592,1039433633
2013,Opisthonema oglinum2,400,1039433633
2013,Pogonias cromis,77,1039433633
2013,Scomberomorus brasiliensis,1846,1039433633
2013,Scomberomorus cavalla,98,1039433633
2013,Scomberomorus cavalla2,3939,1039433633
2013,Scomberomorus cavalla3,2794,1039433633
2014,Arca zebra,17384,1026375703
2014,Callinectes sapidus,12405,1026375703
2014,Centropomus spp,43,1026375703
2014,Centropomus undecimalis,2217,1026375703
2014,Crassostrea virginica,37279,1026375703
2014,Cynoscion nebulosus,846,1026375703
2014,Lobatus gigas,1842,1026375703
2014,Lobatus gigas2,1,1026375703
2014,Lutjanus synagris,24,1026375703
2014,Lutjanus synagris2,193,1026375703
2014,Menticirrhus littoralis,247,1026375703
2014,Micropogonias furnieri,1299,1026375703
2014,Mugil cephalus,1396,1026375703
2014,Mugil liza,2587,1026375703
2014,Ocyurus chrysurus,168,1026375703
2014,Ocyurus chrysurus2,1466,1026375703
2014,Ocyurus chrysurus3,173,1026375703
2014,Opisthonema oglinum,1286,1026375703
2014,Opisthonema oglinum2,17,1026375703
2014,Pogonias cromis,419,1026375703
2014,Scomberomorus brasiliensis,1641,1026375703
2014,Scomberomorus cavalla,94,1026375703
2014,Scomberomorus cavalla2,3659,1026375703
2014,Scomberomorus cavalla3,1860,1026375703
2015,Arca zebra,29073,1094517356
2015,Callinectes sapidus,15126,1094517356
2015,Centropomus spp,2,1094517356
2015,Centropomus undecimalis,1442,1094517356
2015,Crassostrea virginica,50044,1094517356
2015,Cynoscion nebulosus,1475,1094517356
2015,Lobatus gigas,1447,1094517356
2015,Lobatus gigas2,842,1094517356
2015,Lutjanus synagris,2,1094517356
2015,Lutjanus synagris2,192,1094517356
2015,Menticirrhus littoralis,210,1094517356
2015,Micropogonias furnieri,1109,1094517356
2015,Mugil cephalus,2000,1094517356
2015,Mugil liza,2242,1094517356
2015,Ocyurus chrysurus,166,1094517356
2015,Ocyurus chrysurus2,1777,1094517356
2015,Ocyurus chrysurus3,168,1094517356
2015,Opisthonema oglinum,1714,1094517356
2015,Opisthonema oglinum2,21,1094517356
2015,Pogonias cromis,107,1094517356
2015,Scomberomorus brasiliensis,1134,1094517356
2015,Scomberomorus cavalla,277,1094517356
2015,Scomberomorus cavalla2,6150,1094517356
2015,Scomberomorus cavalla3,1451,1094517356
2016,Arca zebra,29076,1094517356
2016,Callinectes sapidus,17915,1094517356
2016,Centropomus spp,56,1094517356
2016,Centropomus undecimalis,2745,1094517356
2016,Crassostrea virginica,44313,1094517356
2016,Cynoscion nebulosus,773,1094517356
2016,Lobatus gigas,1634,1094517356
2016,Lobatus gigas2,800,1094517356
2016,Lutjanus synagris,27,1094517356
2016,Lutjanus synagris2,202,1094517356
2016,Menticirrhus littoralis,278,1094517356
2016,Micropogonias furnieri,2926,1094517356
2016,Mugil cephalus,2814,1094517356
2016,Mugil liza,2475,1094517356
2016,Ocyurus chrysurus,166,1094517356
2016,Ocyurus chrysurus2,2433,1094517356
2016,Ocyurus chrysurus3,124,1094517356
2016,Opisthonema oglinum,1751,1094517356
2016,Opisthonema oglinum2,155,1094517356
2016,Pogonias cromis,128,1094517356
2016,Scomberomorus brasiliensis,1975,1094517356
2016,Scomberomorus cavalla,288,1094517356
2016,Scomberomorus cavalla2,5517,1094517356
2016,Scomberomorus cavalla3,1382,1094517356
2017,Arca zebra,29970,1094517356
2017,Callinectes sapidus,16790,1094517356
2017,Centropomus spp,230,1094517356
2017,Centropomus undecimalis,2830,1094517356
2017,Crassostrea virginica,55549,1094517356
2017,Cynoscion nebulosus,1637,1094517356
2017,Lobatus gigas,1755,1094517356
2017,Lobatus gigas2,800,1094517356
2017,Lutjanus synagris,181,1094517356
2017,Lutjanus synagris2,213,1094517356
2017,Menticirrhus littoralis,233,1094517356
2017,Micropogonias furnieri,3015,1094517356
2017,Mugil cephalus,2900,1094517356
2017,Mugil liza,2550,1094517356
2017,Ocyurus chrysurus,178,1094517356
2017,Ocyurus chrysurus2,1972,1094517356
2017,Ocyurus chrysurus3,130,1094517356
2017,Opisthonema oglinum,1388,1094517356
2017,Opisthonema oglinum2,160,1094517356
2017,Pogonias cromis,119,1094517356
2017,Scomberomorus brasiliensis,1912,1094517356
2017,Scomberomorus cavalla,309,1094517356
2017,Scomberomorus cavalla2,6827,1094517356
2017,Scomberomorus cavalla3,1276,1094517356
2018,Arca zebra,29970,1094517356
2018,Callinectes sapidus,20065,1094517356
2018,Centropomus spp,0,1094517356
2018,Centropomus undecimalis,2830,1094517356
2018,Crassostrea virginica,49631,1094517356
2018,Cynoscion nebulosus,866,1094517356
2018,Lobatus gigas,1691,1094517356
2018,Lobatus gigas2,800,1094517356
2018,Lutjanus synagris,76,1094517356
2018,Lutjanus synagris2,226,1094517356
2018,Menticirrhus littoralis,311,1094517356
2018,Micropogonias furnieri,3015,1094517356
2018,Mugil cephalus,2900,1094517356
2018,Mugil liza,2550,1094517356
2018,Ocyurus chrysurus,172,1094517356
2018,Ocyurus chrysurus2,2725,1094517356
2018,Ocyurus chrysurus3,130,1094517356
2018,Opisthonema oglinum,1570,1094517356
2018,Opisthonema oglinum2,160,1094517356
2018,Pogonias cromis,143,1094517356
2018,Scomberomorus brasiliensis,1918,1094517356
2018,Scomberomorus cavalla,275,1094517356
2018,Scomberomorus cavalla2,6179,1094517356
2018,Scomberomorus cavalla3,1227,1094517356
2019,Arca zebra,29970,1094517356
2019,Callinectes sapidus,14438,1094517356
2019,Centropomus spp,240.39,1094517356
2019,Centropomus undecimalis,2830,1094517356
2019,Crassostrea virginica,45108,1094517356
2019,Cynoscion nebulosus,930,1094517356
2019,Lobatus gigas,1710,1094517356
2019,Lobatus gigas2,450,1094517356
2019,Lutjanus synagris,103,1094517356
2019,Lutjanus synagris2,195,1094517356
2019,Menticirrhus littoralis,248,1094517356
2019,Micropogonias furnieri,3015,1094517356
2019,Mugil cephalus,2900,1094517356
2019,Mugil liza,2550,1094517356
2019,Ocyurus chrysurus,170,1094517356
2019,Ocyurus chrysurus2,1953,1094517356
2019,Ocyurus chrysurus3,130,1094517356
2019,Opisthonema oglinum,1081,1094517356
2019,Opisthonema oglinum2,160,1094517356
2019,Pogonias cromis,153,1094517356
2019,Scomberomorus brasiliensis,2306,1094517356
2019,Scomberomorus cavalla,285,1094517356
2019,Scomberomorus cavalla2,5170,1094517356
2019,Scomberomorus cavalla3,1482,1094517356
